avg,stddev
13.840911865234375,3.3454026603645017
