avg,stddev
14.6951475,0.42174940265675054
